,標題,內容,評分,ID,時間
0,會員還要再付平台費,會員制新增年費不到半年，就宣布要加收平台費，而且是非收不可，還不給退訂！,1,1,2022-06-13
1,請大家使用吳柏毅,收平台廢的拉機 ㄧ顆星都嫌多,1,2,2022-06-13
2,客服服務爛,我的餐點遺漏客服人員的表現非常不好 不會依據問題回答只會答非所問！ 爛爆了！！！ 費用也貴爆了！ 已刪除app不在使用！,1,3,2022-06-13
3,會員都訂閱了卻還是要收外送費,明明就有訂閱也扣款了卻還是要收外送費，要聯絡客服中心還不給我打字，而且一開始訂閱還重複扣款，爛死了趕快退出台灣市場,1,4,2022-06-13
4,店家不能評分！還有餐具問題！,有的店家真的是爛到你需要寫評論去說他們哪裡糟糕，但偏偏不能評分，這就算了，去google地圖找還找不到！！！！！！！怎麼有這種爛東西！是知道自己東西做很爛不敢放出來是不是！花錢買到爛東西誰會爽！還有我每次都不要餐具偏偏都放餐具進來，那個選項是開心酸是不是！不知道是外送員問題還店家問題，拜託他們不要雞婆了不需要就是不需要，還有那個1塊袋子也是很北爛，不環保又沒屁用，點一個小東西他媽的根本就不用袋子好嗎！！！！！！！！！一個餐點而已！！！！！！！！洗咧靠喔！！！！！！,2,5,2022-06-13
5,訂閱難以使用,訂閱個pro問題一堆 付款兩次還訂閱失敗 email客服說訂閱成功結果還是要付運費我他媽到底是有沒有訂閱成功啊,1,6,2022-06-13
6,爛,越來越爛 做餐15分鐘 送餐一個小時 服務人員都兼職Uber 一次接很多單才在來不及送 送到了餐都冷的,1,7,2022-06-12
7,不要訂閱千萬不要！！！,被重複扣款，寫信請客服處理，結果說我沒有交易紀錄！？？？ 一次訂閱一年，被多扣一千多！！！ 誇張！！！ 都有附上帳單了還說沒有交易紀錄是在哈囉？  已向信用卡公司通報處理，氣死人,1,8,2022-06-12
8,滿任性的,經常突然取消訂單、或者沒有外送員。,4,9,2022-06-12
9,坑錢熊貓,我跟我朋友都不想再訂熊貓了，越來越爛啊！大家都訂Uber Eats不要再訂熊貓了。,1,10,2022-06-12
10,有效反應,前幾天跟熊貓客服反應訂單問題並強調希望評分機制有所改善，這週就改善了非常的好，但輸入法沒辦法輸入注音不知道是不是只有我這樣,5,11,2022-06-12
11,太貴了,東西價位拉太高,1,12,2022-06-12
12,刪,已刪除 外面價位拉太高 麥當勞歡樂送也沒那麼貴,1,13,2022-06-12
13,訂閱pandapro被重複扣款，還被多收外送服務費,訂閱pandapro被重複扣款，訂購餐點被多收外送服務費，回報客服只會回答非常不好意思，有夠爛,1,14,2022-06-12
14,謝囉平台費,讓我下定決心跟熊貓告別🤗️,1,15,2022-06-12
15,沒辦法登陸平台,用手機號碼登陸 都顯示手機號碼已登陸,1,16,2022-06-12
16,？？？,平台費？？？,1,17,2022-06-12
17,無法訂閱會員，重複刷卡扣款,訂閱會員失敗卻遭後台扣款，請工程師D bug,1,18,2022-06-12
18,爛爆了,開始割韭菜囉 有夠垃圾,1,19,2022-06-12
19,爛,差勁👎🏿的外送員，拒絕往來。,1,20,2022-06-12
20,123,破幹公司,1,21,2022-06-12
21,真的可以刪掉了,連續兩天都不能正常點餐，到底可以多爛！pro明明還沒滿一個月，只是先取消下個月續訂，就沒有滿額免運了，爛到極點。,1,22,2022-06-12
22,重複扣款客服敷衍處理,重複扣款客服敷衍處理,1,23,2022-06-12
23,都已經是pro還付平台費？,在單方面更動合約下擅自收取平台費 還好我沒買年約 馬上取消下個月的月費,1,24,2022-06-12
24,年費和信用卡,2022年3月買了年費制，6月開始加收平台服務費？然後信用卡資料無法刪除，一定要等到約到期才能刪除，還要等到明年3月？真的對panda很失望，已取消續訂，也刪除app，抵制使用熊貓，請看到的不要使用熊貓平台，反應客服也無效，吃相難看，哪像uber eats至少處理事情該退的退，該給的給，年費買一次經驗，祝福退出台灣市場👋,1,25,2022-06-12
25,效率差不實際,餐點到達時間永遠比預估時間晚，冷門時段餐廳在五分鐘路程也晚10分鐘，更別說熱門時段或下雨天至少延遲半小時，還曾多等1.5小時，如果沒能力接單了平台應協助關閉接單,1,26,2022-06-12
26,地址編輯困難,試了近十次，詳細地址就是無法正確編輯,3,27,2022-06-12
27,評價打不出來,如題，餐點很好吃，但想要評價時，一直無法打字，只能呈現注音或亂碼,4,28,2022-06-12
28,沒有電子發票載具,少一顆星就是沒有電子發票的載具系統～～～下雨天外送員多少會淋到雨。摸到或者淋到發票。基本上發票都會變得皺皺爛爛的，如果可以請加入載具的系統！,4,29,2022-06-12
29,To熊貓，什麼是平台費？！,我不是已付過月費了？！為什麼還要平台費？！,1,30,2022-06-12
30,非常爛,如題，花了錢訂閱，已經經過好幾天，介面遲遲沒變成pro會員，再訂餐明明符合免運資格，結果還是被扣運費，向客服反應好幾次，也寄過信，就是不幫我處理介面問題！只會叫我下訂單被扣運費的話再找他們，真的爛到極致！,1,31,2022-06-12
31,傻眼的外送員,第一次看到外送還要下單的人走路去取餐，明明備註就有明確的寫正確地址了 還怪我地址不對 我就回外送人員因為之前剛搬家過來地址一直顯示在那邊 後面我也在備註欄寫了地址 別人都不會送錯就唯獨妳跑錯還給我按餐點以送達 我都還沒拿到餐點妳送達什麼，還怪我沒寫清楚 是妳自己沒看欸 我還拿手機出來給她看備註 她回我 她第一次跑這邊什麼什麼的...🙄🙄,3,32,2022-06-12
32,買完商品,無法品價,1,33,2022-06-12
33,夠爛,點個外送等兩個小時 是騎去田裡是不是,1,34,2022-06-12
34,聽說要加錢喔,聽說要加錢剝削喔 那先移除囉 反正不差我一個 拜啦,1,35,2022-06-12
35,平台費,開始加收平台費囉，就算我訂閱了年Pro會員，也還必須額外付錢，太扯囉,1,36,2022-06-12
36,好扯,外賣時間有夠久 可不可以一次送一個訂單,1,37,2022-06-12
37,多加錢,希望外送費可以加到200 平台費最少也要90起跳吧 這樣我就可以順利的減肥了,5,38,2022-06-12
38,希望地標系統能好一點,地標一直設不好 導致外送員都跑好久,3,39,2022-06-11
39,吃相難看，連一顆星都不想給,"吃相難看，年費制度雖然比其他平台便宜那麼一點點。但隔沒多久直接無差別變相收取""平台費""。不說平常下雨天APP餐廳就少得可憐，連正常公司該有的契約精神都沒有，還想要消費者繼續支持你們？學學其他外送平台吧？",1,40,2022-06-11
40,貨到付款,希望生鮮雜貨可以開放貨到付款 只能刷卡真的很爛,1,41,2022-06-11
41,平台費是什麼鬼？,每次都加收平台費，太不要臉,1,42,2022-06-11
42,想查的餐廳很難找到,App有很大的改善空間，餐廳搜索能力超差的，輸入的和查出來的差十萬八千里，有夠爛的,2,43,2022-06-11
43,Tranlation,Not so user friendly for non-speaking chinese language. The menu doesn’t have english translation. You just only have to rely on the picture provided.,2,44,2022-06-11
44,坑,現場買100塊 外送140 餐廳就在隔壁而已 還要49塊外送費  越來越會坑錢了,1,45,2022-06-11
45,客服不能即時回覆,店家送錯餐點，向客服反應，只有石沉大海，沒有即時回應，這種服務也太爛了吧！,1,46,2022-06-11
46,外送狀況,外送人員還需要在挑選,1,47,2022-06-11
47,連電話都沒有聯絡就直接被取消訂單,我就很好奇你們怎麼判定客人沒有接收到資訊？就以你們系統的聯絡嗎？全部提醒都開也沒有反應的系統，然後現在跟我說不能退款？而且這個地方都有放置餐食的檯子（五常街380號）還給我取消，給你們一顆星剛剛好而已,1,48,2022-06-11
48,加入Pro還額外收取平台費,訂單增加 利潤也增加 不是增加額外費用吧,1,49,2022-06-11
49,平台費用,買會員然後，每次下訂還要平台費？好不合理,1,50,2022-06-11
50,為什麼付費會員還要另付平台費,為什麼付費會員還要另付平台費,3,51,2022-06-11
51,平台費是尛,都訂閱了還要額外收費是怎樣,1,52,2022-06-11
52,新 鮮人？,新買家不是有30單免運嗎？,4,53,2022-06-11
53,爛死了,等了兩個小時才取消退款就沒事了嗎？？？？？？？？？？,1,54,2022-06-11
54,app系統非常不穩定，不太推薦使用,app系統非常不穩定，常常當機，而且會有重複扣款的問題產生,1,55,2022-06-11
55,退定無誤,外送員普遍素質差，社會新聞一大堆都是熊貓外送，現在還無良加收費用？果然後台素質如何前台素質就如何。不先自我整頓就在漲價，退定無誤！,1,56,2022-06-11
56,😡,我有一次買了麥當勞結果2小時才到 還有今天我們還是訂外賣時你少送了一個東西😡😡😡😡😡😡😡😡😡😡😡,1,57,2022-06-11
57,當天通知加收平台費，當天漲價，優良企業！,當天通知加收平台費，當天漲價，優良企業！,1,58,2022-06-11
58,非常好用，解決了我很多問題,非常好用，解決了我很多問題，就是運費有點太貴了，除了這點以外，什麼都好。,4,59,2022-06-11
59,優惠券,優惠券真的很少！ 外送金額很多店家都加價之外，外送費也貴死了！自己去取或訂Uber還比較便宜！,3,60,2022-06-11
60,平台費 讓我覺得我是盤子,買了年費的我，看到這突入其來的平台費，感覺這是變相的屠殺我這種訂了年費的人。 沒有提前公告，就這樣在某一天對了這個成本。 你們有本事收取平台費，那就要穩定品質，最進常常在某些時段，大筆的訂餐會被取消。沒有原因有的是說怕我等。收了錢可以，但品質也得顧。 要不是有信用卡的回饋在填這個成本，不然真的會很想把這原先的沈默成本給放棄。 真的有點被欺騙的感覺。,2,61,2022-06-11
61,預估時間會一直往後延,預估時間不準，超過預估時間就往後延，我等到餓死了，真的很糟糕,1,62,2022-06-11
62,訂閱了錢被刷掉，還無法跳出來會員,訂閱了錢被刷掉，還無法跳出來會員，結果還是乖乖嘚付掉平台服務費，想說久久回來用一次，結果還是一樣呵呵，這次用完不用了,1,63,2022-06-11
63,毫無誠信的服務,原本約定好的年費，又要再剝一次皮 毫無誠信可言；使用者怎麼知道還會不會有下次？再搞個維護費一次30？,1,64,2022-06-11
64,系統問題讓我等了很久餐點還沒到,10點多就定了後來一直延後 到了00:25分左右才到 打給店家問才知道早就做好了 結果一直沒訊息 問客服也沒什麼結果 後來到了才得知是系統的問題 我覺得應該好好解決一下這個問題 已經不是第一次了,1,65,2022-06-11
65,吃相難看的公司可以收一收了,都已經是會員了，還收平台費？ 請問經營不善是我們消費者的錯嗎？ 抽店家的錢，抽到店家都快跳樓了 壓榨外送員的薪水，一單也才多少錢？ 現在又加收平台費？把會員都當白癡嗎？ 跟媒體端說什麼「永續經營、深耕台灣」 聽起來不覺得很可笑嗎？反正老子不伺候了 已刪，掰,1,66,2022-06-11
66,新增平台費還不如多給外送員,營利來源都是外送員，不知道受平台費的用意為何 ？都已經跟商家抽成了，還抽消費者 ？？？？,1,67,2022-06-11
67,吃人夠夠的平台,苛扣外送員的分紅，導致沒人要接單，常常被棄單。現在還要收什麼垃圾平台費，都富得流油了還要一直巧立名目扣錢。,1,68,2022-06-10
68,外送員吃單,已經兩次了 外送員說連繫不到人。 請問其他外送員怎麼送的。吃單只有外送員跟熊貓有好處,1,69,2022-06-10
69,發生錯誤,系統一直顯示發生錯誤，寫信箱沒人要協助處理⋯⋯⋯只會說客服中心可以使用，但系統就不給使用⋯要怎麼聯繫⋯⋯🙄️,1,70,2022-06-10
70,林北沒有信用卡,==請問生鮮雜貨能改成付現了沒,1,71,2022-06-10
71,繳月費還有分次付平台費,真的吃人夠夠！無良企業！,1,72,2022-06-10
72,爛😡 非常差勁👎,爛😡非常差勁👎,1,73,2022-06-10
73,打算刪app,本來沒用Uber eat 改變想法了,1,74,2022-06-10
74,不跳槽去用Uber eat吧,優惠少 又收平台費 什麼都要消費者吸收 消費者也能選擇刪除這個app 改去用Uber eat,1,75,2022-06-10
75,爛透了,外送費寫29，結帳卻變45，當我們是盤子嗎⋯之前看新聞，有人綁信用卡被盜刷點餐（有影片），所以有個資安全疑慮，想把信用卡付款卡號刪除，但這App信用卡不讓人刪除，聯繫客服也是罐頭回覆，到現在還沒處理好，然後點餐又遇店家愛退單，你店家不出餐幹嘛不關掉還接單？？客服又總愛回罐頭訊息，然後我也根本沒接到電話，說聯繫不上我，真讓人無言… 這外送費是越來越貴，但服務卻打折，然後又多了平台費，真敢要🙄坑人，先變貴再跳出限時優惠，什麼都是假的，拒絕使用這外送平台，還是自己去店家買，真的省很多錢！！,1,76,2022-06-10
76,額外費用,多收費什麼平台費不想續訂了 越加越多錢 外送人員一單越扣越多 好處都給上面的人拿走了憑什麼還要繼續續訂,1,77,2022-06-10
77,爛到不能再爛,用懶叫收平台費 店家跟外送員的費用是否要調降費率？ 買會員還收平台費是3小 會員福包又這麼少 平台程式設計那麼爛 罐頭客服 還敢收消費者錢 不要臉 道歉就有用？ 妳以為妳是Uber eat?????? 沒信用的公司 滾出台灣,1,78,2022-06-10
78,還是ㄧ樣爛,看了這麼多負評，還是不要用好了⋯⋯廣告打這麼大，售後服務這麼多差評🤭  過了幾個月後我還是沒有用，果然又有負面新聞出來,1,79,2022-06-10
79,快點退費,加收五月平台費是怎樣? 當綁年約的都是白痴?,1,80,2022-06-10
80,平台費？？？,什麼鬼？把買pro的人都當笨蛋嗎？有夠沒誠信，欺騙消費者，真的很後悔買pro，去你的爛平台🤬👎🏻,1,81,2022-06-10
81,第一次點餐覺得還不錯很方便好用,但之後每次點餐最後一步前都跳系統錯誤、按聯絡客服也系統錯誤、回來 App Store 確保是最新版本了一樣系統錯誤，我用同一隻手機上 Uber Eat 就可以順利點餐；系統也已經更新到最新 iOS 15，一直不能點餐；以為是系統、或店家塞車，但無論在用餐時間還是非用餐時間都不能點，客服也不能用，只好說掰掰。之後都用同事或家人的手機點餐好了 🥲,1,82,2022-06-10
82,死要錢,想錢想瘋了 現在又要加收一個平台費我會員白買了是不是,1,83,2022-06-10
83,吃相難看,我都訂閱了一年現在才給我搞平台費這齣,1,84,2022-06-10
84,假訂閱真詐騙,訂閱一年pro卻還要外送費 跟客服反應無效，還無法處理 也沒辦法取消訂閱 照收外送費，還不退費不退訂給我 真的覺得是一個很爛的外送平台 大家要訂閱好自為之 以免遇到一樣的問題,1,85,2022-06-10
85,坑,強迫點滿99元以外還收那什麼鬼平台費 嫌賺不夠多嗎 建議各位直接改用Uber eat 不會強迫收取最低消費金額也不會收什麼鬼平台費,1,86,2022-06-10
86,用foodpanda快速、方便，很推薦,用foodpanda快速、方便，很推薦。,5,87,2022-06-10
87,加入付費會員還要收取平台費用,後悔加入付費會員，嫌錢太多可以用，建議去使用Ubereat,1,88,2022-06-10
88,平台費,到底平台費是什麼鬼東西，外送費我付了，店家也給妳們抽成了，平台費的產生為了什麼？？？？？？？？？？？？？？？？？？？？？？？？？？？？？？？？？？？？？？？？？？？？？？？？？？？？？？？？？？？？？？？？？,1,89,2022-06-10
89,功能並不完善,時常莫名登出、常發現Bug、界面與菜單做的也不太好，用戶體驗不好👎,2,90,2022-06-10
90,讚,錢都拿去付平台費了 沒錢買星星給你抱歉,1,91,2022-06-10
91,垃圾,社會更多亂象,1,92,2022-06-10
92,很爛,常常鎖區不給訂，訂餐靠運氣！,1,93,2022-06-10
93,毫無誠信,憑空生出「平台費」根本詐騙，都已經訂閱制繳了年費，卻被這樣任意加收費用根本不合理！為了三五塊賠掉整間公司的誠信跟形象，不可能再續訂，誰知道下次會不會繼續發生這種事情，突然被加收手續費、處理費、管理費…..！？,1,94,2022-06-09
94,4.7評分刷出來的？,我看我打完這篇文章  熊貓都還沒到 一個小時多了 什麼情況？ 客服也沒有要處理 刷卡怎麼會變成最不方便的一方？,1,95,2022-06-09
95,"可笑又難用的app,系統服務差勁","可笑又難用的app,系統服務差勁",1,96,2022-06-09
96,會員優惠,都已經訂閱了會員 還加收五元平臺費 也沒有正式通知 對消費者是不是有點不公平呢 疫情期間叫外送的人多也代表外送員接單量充足，額外的平臺費跟營運成本是怎麼來的？ 如果說是下雨天要多收費用還能理解，每單都加費用，訂閱你們的會員優惠到底在哪裡了？,1,97,2022-06-09
97,會員還要多收平台費是什麼意思,賺太兇了吧,1,98,2022-06-09
98,詐騙集團，廣告不實,訂閱會員期間擅自更改合約，額外加收費用，詐騙集團，請熊貓退還已繳納之會員訂閱費用,1,99,2022-06-09
99,一直發生錯誤好意思收平台費,到底怎麼好意思？根本就不能用!!!!,1,100,2022-06-09
100,越來越慢,現在訂一個餐都要從1小時開始起跳的嗎？ 直接打去問餐廳才發現餐點早已做好， 就是沒有外送員要接單， 時間一拖再拖，就是看不到我的飯 現在也不會跳出評分視窗， 都不知道要怎麼評價外送員跟餐廳了….,1,101,2022-06-09
101,訂閱變冤大頭,訂閱會員後，還要收取外送費用，直接被詐騙了！ （有截圖證據）,1,102,2022-06-09
102,平台費？,繳了年費 現在突然來額外收平台費用有沒有違反交易條件呢？ 放心 費用到期了 就不再用了。APP寫的比起對岸的實在差太多 針對店家的好壞差評完全無法填寫。針對已完成訂單應該有更容易使用 便捷的評價方式。,1,103,2022-06-09
103,問題不處理,App各種問題反應了 又不改進  要不是一定要按 連1星都不想給,1,104,2022-06-09
104,亂漲價,沒水準 退訂不囉唆,1,105,2022-06-09
105,越來越貴,一個人吃東西變成奢侈，點一個餐要超過兩百才能免運，對外送員跟點餐的人也越來越嚴格，要不是工作不方便自己去買，才不會繼續當pro,4,106,2022-06-09
106,食言而肥的公司,訂閱會員條款中明明寫明任何調價只會反映在次年訂閱費用中，卻又巧立名目額外收取平台費,1,107,2022-06-09
107,一顆星都太多，還我年費,一顆星都太多，還我年費,1,108,2022-06-09
108,平台費,突然冒出平台費,1,109,2022-06-09
109,層層剝削,已經付費訂閱pro，未經會員同意，就莫名多收平台費，令人失望的外送平台。,1,110,2022-06-09
110,一家任意增加收費名目的平台,他會隨時隨意的新增收費名目，成員付費會員是一個很差的選擇，最好都不要下載使用此程式平台,1,111,2022-06-09
111,麥當勞等兩小時,以上,1,112,2022-06-09
112,"莫名又多了個<平台, 後悔用半年訂閱, 不能馬上退訂。","後悔用半年訂閱, 不能馬上退訂。反正名目隨你出, 連 i 說明都不願。",2,113,2022-06-09
113,越來越誇張,時間一直延一直延，有生命等到沒生命！,1,114,2022-06-09
114,為什麼客服中心進不去？為什麼又多收費用？,我的優惠券也都不見了！,1,115,2022-06-09
115,系統很慢 😳,折扣很少啊,2,116,2022-06-09
116,優惠卷都用不了,用優惠卷騙你進來卻不讓你用～客服也不理,1,117,2022-06-09
117,服務態度很差,沒有送到指定的地方 外送人員態度很差  客服也是,1,118,2022-06-09
118,要漲可以,但說好pro 期間不會增收其他費用 現在隨便調是無視條約？不尊重消費者就希望貴公司遲早被市場淘汰吧,1,119,2022-06-09
119,養套殺呀,推出年費後再突然加上平台費 我情願去使用ubereats,1,120,2022-06-09
120,千萬不要用foodpanda 很黑,訂閱了年費免運，結果神來一筆跟你加收平台費每筆交易5元，覺得不合理反應，不接受也不給予照比例退回年費，一天叫一次，一年除了年費999元，還被多收1825元，請各位三思不要使用被騙。,1,121,2022-06-09
121,平台費什麼鬼,平台費什麼鬼,2,122,2022-06-09
122,養套殺,我真的覺你們把客戶當成盤子。  我覺得你們吃相太難看，本來店內價，或是每個品項多5-10元，客戶都還可以接受，你們已經拿了35%+外送費。  （最一開始外送員待遇也是最好的）  然後開始推廣Pro訂閱，一個月一百，但幾乎都沒有店內價，滿99每筆都免外送費而且還有一些店有Pro 95折，吸引客戶訂閱。  然後現在是不管你是不是Pro，99元才能出單。假設你只買了一杯35元飲料，訂單會自動幫你補64元的出單費加上外送費；Pro的免運費上限則是提高到179元  （那我辦Pro意義何在，被當成盤子嗎？）  而且三不五時就會出現外送員福利一直在下降、服務品質愈來愈往下的新聞。,1,123,2022-06-09
123,加收平台費....有夠噁心,低級,1,124,2022-06-09
124,App很差，不穩定，客服回覆慢，且無客服電話只能靠線上客服,如題！ App穩定度很差，訂閱失敗信用卡還是顯示扣款成功，找半天才知道原來foodpanda完全沒有客服電話，只能靠線上客服（app內反應線上客服完全沒回覆，用電腦網頁版客服才回覆）上述種種讓人覺得不安心，對消費者感覺極度不好，覺得非常沒有保障，且上網查了才發現這已經是老問題了！？ 沒保障廣告打再大也是徒然！,2,125,2022-06-09
125,垃圾熊貓專門騙錢斂財熊貓滾去中國😡,我點了星巴克的巧克力可可脆片星冰樂，只因為我看到網頁上面寫那家店的人氣精選商品有買一送一😡巧克力可可脆片的選擇欄框也標示的跟活動上寫的人氣精選買一送一，一模一樣！結果點完送來她媽只有一杯！打電話詢問店家，店家表示她們根本沒有這個活動😡😡😡😡😡😡她們說根本沒有買一送一，什麼爛東西啊😡垃圾熊貓現在要把大家都當盤子騙錢就對了😡她媽你全家死人😡客服聯絡了起碼8-10次了！她媽一次都不屌人，你們的客服是全沒了嗎😡真的是生氣到不行😡㊗️垃圾公司趕快倒一倒😀😀我的客服已經整整過了30多個小時了像是在跟死人講話一樣沒反應😀😀🥰🥰🥰🥰🥰,1,126,2022-06-09
126,？？,跟糞一樣,1,127,2022-06-09
127,垃圾平台,真的爛,1,128,2022-06-09
128,客服服務態度差,問問題一直丟罐頭訊息不然就是不鳥你，好不容易回覆結果還丟錯罐頭訊息，真的是訓練有素，糾正客服回應錯誤，他跟我說「會回報相關部門，真的很抱歉」 看完直接傻眼，我是來幹嘛的⋯,1,129,2022-06-09
129,強收平台費，吃相難看,強收平台費，吃相難看,1,130,2022-06-09
130,買pro買心酸的 我要砍app,滿$179享無限次免費外送 結果給我多收平台費？ 我被騙了嗎？ 我被騙了嗎？ 我被騙了嗎？ 有夠怒的 詐X集團？？？？,1,131,2022-06-08
131,坑錢貓,重複扣款，客服唬爛拖台錢，再也不要使用熊貓！,1,132,2022-06-08
132,無言,平台費是哪招？ 月費一直漲，現在又多了一個平台費名目收錢？ 以後我不會訂了，請問可以退月費嗎？,1,133,2022-06-08
133,客服不見,找客服都找不到，有問題回報也都是逃避責任，垃圾平台,1,134,2022-06-08
134,制度提升空間很大,服務是沒什麼問題的 但是制度可以改一下嗎？ 送餐人員同時接幾單 等送到我這邊食物都涼掉了,3,135,2022-06-08
135,平台費到底是什麼,如題,1,136,2022-06-08
136,偉哉平台費和優秀逕自結束對話的客服及東西放了就跑的外送員,真的都很優秀，生意太好做了,1,137,2022-06-08
137,加收平台費 下期不包了謝謝,在會期內直接上新策略，爛,1,138,2022-06-08
138,後悔買會員,非常後悔買了一年會員，時間預估上從來沒準過，先是預計20分鐘會到，等到時間將近10打開App一看又延後40分鐘了！ 每次都這樣一延再延，等超過半個小時是小事，預估時間無法準確不能取消訂單。送貨員送到門口後，系統也沒跳成已送達，有時候買生鮮食品東西來了根本不知道。,1,139,2022-06-08
139,進步點,等了一個多小時還要親自問餐點進度如何客服才會打來說餐廳出錯餐還要再等半小時？請問這段時間怎麼補償都不用吃飯就對了,1,140,2022-06-08
140,無良廠商,是把付年費的pro級會員當韭菜嗎！？,1,141,2022-06-08
141,爛死,真的有事 訂閱還要收平台費 吃相真難看 退訂,1,142,2022-06-08
142,任意更改合約加收平台費,才剛訂閱一年的pro，結果用沒幾天開始加收平台費，還不能退費，客服只會說用戶要自己注意公告，問題是連個email都沒有，6/6改合約，6/7就實施，號稱很「合理」,1,143,2022-06-08
143,在「客服中心」找不到「歷史訂單」,我的餐點出狀況 但是在客服中心卻找不到地方客訴？ 這次只能吞下去了.. 🙄？,2,144,2022-06-08
144,很爛的外送平台，要下載的人建議使用ubereat,餐點品質不好也無法評論店家，根本是跟店家黑箱把評論都弄很好。實際餐點品質都很差。跟客服反應只得到要自己寫信反應，爛軟體,1,145,2022-06-08
145,爛透了,自從開始年費制後 常常出現沒餐廳可以點 是怎樣 錢賺到手就放著爛？ 然後用歷史訂單居然還可以立即下訂？ 要不是年費才剛投下去 分分鐘解約！,1,146,2022-06-08
146,地址錯誤,不知道是不是下雨天， 明明用家裡地址訂餐， 卻是送到公司地址， 還說訂單取消的話拿不到飲料 幾公里以內不送！ 哈囉加收平台費就算了！ 處理方式真的不太ok耶⋯⋯ 之前同事也發生過一樣的事！ 無語🙄,1,147,2022-06-08
147,合約條款,任何費用不應該強加於原合約期間， 騙錢的平台。,1,148,2022-06-08
148,突然多收5元平台費,每天使用foodpanda 有買會員 卻突然被多收平台費 也沒有在粉絲專頁告知  平台費是什麼？,1,149,2022-06-08
149,巧立名目不可取,為何這樣的平台會有平均4.7顆星，不可思議！,1,150,2022-06-08
150,電話被註冊過跟客服反應完全沒處理，已經過很久還是一樣，直接刪掉app用到一肚子火,爛 不推,1,151,2022-06-08
151,平臺費爛,已有外送費、跟店家收上架費、訂閱pro了，竟然還外加平臺費！吃人夠夠！已退訂！,1,152,2022-06-08
152,欺騙消費者,先推出一年訂閱再漲價，不給退還裝死吃相難看,1,153,2022-06-08
153,沒誠信的公司,買了會員又要收平台費 爛,1,154,2022-06-08
154,一直有bug，常常載入錯誤無法下單,很常發生無法下單，載入錯誤對提醒，必須要登出帳號，重新登入才可以重新訂購！,3,155,2022-06-08
155,現在居然還要收平台費,才剛成為年繳會員沒多久，現在居然每筆交易還要收取平台費，那請問會員權益是什麼？？,1,156,2022-06-08
156,沒信用的平台,把pro訂閱者當白痴,1,157,2022-06-08
157,突然不能用,打開我的紀錄都不見了 一直說我名稱密碼錯誤 啊我都沒改錯個屁,1,158,2022-06-08
158,平台費是什麼東西,已刪除APP及帳號，從此不再使用,1,159,2022-06-08
159,平台費過分了吧,還沒公告期直接收，不續訂pro了掰掰,1,160,2022-06-08
160,會員繼續收5元,你是富邦喔？,1,161,2022-06-08
161,繳年費還要付平台費合理？？？,如題,1,162,2022-06-08
162,前兩天繳年費 今天看到漲價？？,前兩天繳年費 今天看到漲價？？各種割韭菜 還不一星,1,163,2022-06-08
163,增收平台費,無提前告知，已取消續訂，把消費者當傻子耍,1,164,2022-06-08
164,加收平台費,為什麼都沒通知就加收平台費了 這樣對那些訂閱年費的人還說公平嗎 根本變相收外送費 一天到晚都在騙 有夠沒良心,1,165,2022-06-08
165,爛,一到下雨天吃的都關起來未營業是怎樣，可以解決嗎？不是第一次了 。,1,166,2022-06-08
166,廣告打那麼多 只是越來越難用,優惠卷越來越少 越來越貴 廣告還打那麼多 真的笑死 什麼panda pro也沒辦法全部免運 硬要,2,167,2022-06-08
167,貪,一下店家抽成提高 一下多收平台費,1,168,2022-06-08
168,把會員當盤子,都已經付年費買會員了，現在卻突然每筆訂單要加收5元平台費，仗著年費錢已經收了就坐地起價。  人家UBER花大錢找一堆明星代言都沒像你們吃相這麼難看，如無改善或提供其他配套措施，以後將轉UBER會員不再使用熊貓！,1,169,2022-06-08
169,加收平台費,北北基桃加收平台費 我住在這些地方是我活該嗎？ 什麼爛東西,1,170,2022-06-08
170,才剛繳完年費⋯⋯⋯這平台費？！,年費也收？,1,171,2022-06-08
171,送餐服務很好，速度快、餐點還熱騰騰，真好,謝謝,5,172,2022-06-08
172,平台費？,到底什麼意思？ 下次是不是想到別的名目再加個費用？,1,173,2022-06-08
173,收了訂閱費再巧立名目加價？,先漲價，然後再說你可以訂一年比較便宜，最後再來巧立名目每一單加收什麼平台費，幹   把人當韭菜在割耶,1,174,2022-06-08
174,不要繳年費,繳了年費說任何費用調整都會在下次續訂才生效，結果昨天說要加收平台費今天就開始收了…？啊為什麼我不能說要退費就退費,1,175,2022-06-08
175,平台費 我呸！,已刪除foodpanda! 從今開始改用UberEats！,1,176,2022-06-08
176,觀感不佳,平台費真的是在幹嘛？,1,177,2022-06-08
177,訂閱年費制後熊貓坐地起價,訂閱年費制後熊貓坐地起價，今日公佈隔日生效，吃相夠難看，呵呵,1,178,2022-06-08
178,掰掰,繳完年費才再多收平台費 已退訂不再續約😌,1,179,2022-06-08
179,漲價就掰掰,還是使用ubereat就好了,1,180,2022-06-08
180,貴,好貴,4,181,2022-06-08
181,不穩定,訂餐訂到一半會閃退,1,182,2022-06-08
182,超噁的公司,才剛買年費的會員，說要漲隔天就漲，真的沒看過生意太好漲價的欸，會員也收平台費是怎樣，大不了大家都不叫，倒一倒吧,1,183,2022-06-08
183,平台費,要漲價就全台都漲，針對北部是怎樣？,1,184,2022-06-08
184,坑,收了訂閱費現在又多了個平台費是怎麼回事？ 又不能退款 有夠爛…,1,185,2022-06-08
185,熊貓外送真方便,價錢可以更接近原價的話更棒,5,186,2022-06-08
186,團購訂單顯示不完整 又要多收平台費,每次圖購之後，都不能顯示大家各自的訂單 一定要把所以的品項顯示在一起，這樣真的很難分 再來，買了一年會籍後才跟我說要加收平台費？？？？？？？？？完全不合理,1,187,2022-06-08
187,餐點有誤不退款不給予任何補償，客服這樣當的,祝你們趕快倒閉，爛透了,1,188,2022-06-08
188,加什麼3元,退訂改ubereats了,1,189,2022-06-08
189,您喜歡漲就漲吧,我也可以選擇不用😅,1,190,2022-06-08
190,永別了熊貓,曾經是熊貓的老客戶，但多次訂購餐點，送錯餐點或餐點不完整，價格不合理，客服水準差，外送員多次態度很惡劣的狀況，也聽說常常在壓迫店家，希望台灣消費者能覺醒，已解除安裝。,1,191,2022-06-08
191,詐騙！！,騙我們的錢收什麼平台費🙄️,1,192,2022-06-08
192,越來越爛,月費都漲了，還要多收鬼平台費！真的越來越坑錢,1,193,2022-06-08
193,增加平台費？,服務條款 第4點訂閱費用第二段寫到「若有任何費用的調整 ，我們將以合理的方式提前通知，例如app內的公告 、email或其他我們認為合理的溝通方式。任何費用 調整將於下次（月/半年度/年度）續訂時生效，不 影響續訂前之使用」。 第5點訂閱優惠內容最後一段也寫道「優惠內容的調 整都將於下個月續訂時生效」。  今天通知明天漲價＝合理？ 說好的「任何費用調整將於下次續訂生效」？？？ 已申訴,1,194,2022-06-08
194,爛到爆,年費會員騙上手，然後現在開始不管契約加收一堆有的沒的費用，當大家是北七嗎？快滾出台灣市場,1,195,2022-06-08
195,令人失望額外收取平台費,已取消訂閱，強迫增加額外費用👎,1,196,2022-06-08
196,平台費？,到底為什麼？？？,1,197,2022-06-08
197,去你的平台費,你們是嫌會員太多是嗎？還好我pro只買半年 以後要用uber了,1,198,2022-06-08
198,差勁的外送平台,突如其來通知6/7要多收消費者平台使用費！連已經付月/年費的消費者都要加收，等於消費者是一頭牛被扒三層皮，熊貓應公開道歉並承諾在合約期限內不隨意單方面更改收費標準！,1,199,2022-06-07
199,會員問題,平台費用是什麼鬼？？？？,1,200,2022-06-07
200,巧立名目，額外收費,為了節省外送費才會選擇繳年費來省錢，又搞了一個平台費，吃相相當難看,1,201,2022-06-07
201,平台費莫名奇妙,突然多收了平台費 pro會員到底買來幹嘛的,1,202,2022-06-07
202,系統非常難操作,無法聯絡上客服,1,203,2022-06-07
203,沒事加什麼平台費,真得很噁心,1,204,2022-06-07
204,毫無信用的外送平台,先找會員訂年費 再收平台費坑殺會員 爛！ 已經申訴消保會,1,205,2022-06-07
205,吃相真難看,絕對是一顆星的啦,1,206,2022-06-07
206,老子加入PRO，每單還要多5塊，變相漲價！,如標題,1,207,2022-06-07
207,服務爛貴就算了！還多收平台費,服務爛貴就算了！還多收平台費,1,208,2022-06-07
208,總是收不到通知！,App刪掉，重下載，反覆做這個動作， 一樣收不到通知，連餐點送達了都不知道， 真的很扯..,1,209,2022-06-07
209,沒有誠信的公司,會員方案當初就主打不會有任何額外隱藏費用。現在突然給你搞個平臺費，完全無視契約履行責任，也不接受按比例退款會員訂閱。這樣沒保障的會員真的買到撞到…唉！,1,210,2022-06-07
210,買年費還要平台費,垃圾,1,211,2022-06-07
211,收外送費還突然加收平台費,6/6公告加收平台費，6/7就開始收費。 買了PRO也不讓人提早取消照比例退費！ 這種作法超令人反感！ 這次到期完全不考慮續用！,1,212,2022-06-07
212,價差,同樣的店家、同樣的東西，foodpanda的外送價錢整整比Uber多40🙄,1,213,2022-06-07
213,平台費？？？,WTF 另外收錢 買會員的像被當白癡,1,214,2022-06-07
214,倒一倒吧,貪婪的混帳平台,1,215,2022-06-07
215,必須給予高度肯定,如果想培養耐心 如果想改掉壞脾氣 如果想找人吵架 都很適合這款遊戲😂,1,216,2022-06-07
216,真心不推薦,餐點常常遲到就算了，有時候還遲到將近1小時。遲到太久也不能取消，那設取消按鍵是做什麼用呢？另外客服難聯絡、服務也很不好，有時候聯絡客服要等很久，好不容易接通了，客服又急著離開對話。有幾次才讓客服等個1、2分鐘，還在回覆訊息的時候，客服就自己離開對話了，請問這樣有解決到消費者的問題嗎？然後現在又加收平台費，你們跟餐廳收取的費用都轉嫁到消費者身上了，還要外送費，現在又加一個平台費。真的覺得你們的服務品質有這個價值嗎？都訂閱pro了，也還要被抽平台費，是不是太超過了。,1,217,2022-06-07
217,當買pro年費是白癡？,平台費是什麼啦 以後是不是每個月都多一筆奇怪的費用,1,218,2022-06-07
218,買年費 要付平台費,我買年費 要付平台費 那請問買年費的意義在哪？ 變相收費 有夠可惡 要客人體諒貴公司營運 怎麼沒想過誰要體諒客人 越來越爛 爛透了！,1,219,2022-06-07
219,斂財,買會員了還要多收錢，啊都要多收錢了是不會漲會員價格喔，還好沒包年買會員,1,220,2022-06-07
220,都訂閱了年卡還新增三小平台費,年費過後直接跳槽拜拜不送了,1,221,2022-06-07
221,爛得要死,爛得要死爛得要死爛得要死爛得要死爛得要死爛得要爛得要死爛得要死爛得要死爛得要死爛得要死爛得要死爛得要死爛得要死爛得要爛得要死爛得要死爛得要爛得要死爛得要死爛得要死爛得要死爛得要死爛得要爛得要死爛得要死爛得要爛得要死爛得要死爛得要死爛得要死爛得要死爛得要爛得要死爛得要死爛得要死,1,222,2022-06-07
222,非常有善的平台..疫情期間超重要,非常感謝,5,223,2022-06-07
223,以不合理的名目：平台費 額外收費,訂閱後突然加收平台費，不合理的機制,1,224,2022-06-07
224,第一次用,無,4,225,2022-06-07
225,爛透了,超爛，繳了年費後，居然突然又要多收平台費，而且是隔天就開始，擺明違約在先，應該要無條件解約、退費,1,226,2022-06-07
226,不合理的平台費,要收平台費的話，商品價是不是應該就回歸市場價。現在很像一隻羊被扒兩層皮,1,227,2022-06-07
227,這是課長們的遊戲。,課長你們慢慢課。,1,228,2022-06-07
228,越來越差,才加入年繳，馬上多收平台費，真的很差勁，只能號召親友，改用uber eats!,1,229,2022-06-07
229,你各位訂完年費方案後，我就要收割囉～,已經跟店家收35%，還要再跟訂閱年費方案的Pro會員多收一筆平台費？請問是有什麼營運考量？營運不好收一收算了，垃圾公司。,1,230,2022-06-07
230,可以卸載了,這吃相真的嗯可以刪除了 又要多收外送費是要多坑錢？ 我要給轉uber eat 了88,1,231,2022-06-07
231,沒信用的公司,foodpanda今天對於計費項目調整發出公告，「因應整體營運考量，自2022年6月7日起，在指定地區：台北市、新北市、基隆市、桃園市、新竹縣市的美食外送與生鮮雜貨之服務，每筆訂單將酌收平台費，造成你的不便敬請見諒，謝謝。」,1,232,2022-06-07
232,漲價欺騙消費者,漲價欺騙消費者，跟其他APP一樣的邏輯，有訂閱後又能漲價的嗎？apple看到這種商家直接下架,1,233,2022-06-07
233,吃相難看公司,要是知道你們要搞這招，誰會訂閱一年，簡直吃相難看，毫無誠信的公司，你們可以說漲就漲，為什麼會員不能說退就退？把費用還來啊！,1,234,2022-06-07
234,很愛亂插單,一小時前就訂餐了，一再延遲，說中間插單要先送，訂一個餐要等一小時，很多次都這樣 天氣好沒下雨也這樣  反應只給優惠卷也沒改善，就不能送完才分配新單嗎….,1,235,2022-06-07
235,買了pro 又出現了平台費,不覺得很好笑嗎，就是因為常用熊貓 買了那個pro 結果，現在又出現了平台費，不覺得很可笑嗎，我以後去用Uber eat 都不用這個了,5,236,2022-06-07
236,一直延,一直延一直延點個餐一個多小時都還不到 還好意思收平台費,1,237,2022-06-07
237,平台費是三小,免運還有平台費？   有夠低能  請問是變相漲價嗎,1,238,2022-06-07
238,客服爛死了,吃一個早餐，因為外送人員沒有拿到另外一袋導致我們沒得吃，跟客服反應卻沒有一個下文，本就叫同一個外送人員再去拿一趟不就好了嗎？已經到中午了，試問我們是要吃什麼？ 後續聯繫店家協同聯繫客服，客服只回一句盡快處理？？，從早上到中午還真是快，後續我們要求退款處理，還算我們整個餐點的價錢？請問我們另一份是吃你空氣了嗎？憑什麼算我們錢？ 這客服處理是不是應該做一個大改善？,1,239,2022-06-07
239,很會賺？,好厲害，搞那麼多名目收錢，很會 揪團退foodpanda,1,240,2022-06-07
240,年費訂閱毫無保障沒有誠信的平台,都訂閱年費會員，卻使用其他名目加收每次訂單費用。完全不給退訂閱、退費的選擇，單方面加收費用。理由竟然是訂單太多！,1,241,2022-06-07
241,買年費還要被收平台費,Foodpanda真的吃相難看,1,242,2022-06-07
242,無誠信商家,PRO會員還要被收平台費，原因還是因為訂單過多。APP時常顯示錯誤，看到有折扣點進去又沒有。,1,243,2022-06-07
243,隨意漲價，坑殺會員,期間退訂了也不能退費，還會隨便立名目加收費用,1,244,2022-06-07
244,店家很多都沒開,最近很多店家都暫停營業 點成沒什麼選擇 不知道是怎麼回事,3,245,2022-06-07
245,App無法使用,"今天app為什麼不能使用，選擇付款方式 一直出現發生錯誤，想說是不是需要更新app,更新完之後發現還是一樣無法使用",1,246,2022-06-07
246,越來越貴,介面醜又難用，還一直漲，我要轉去訂閱Uber Eats了,1,247,2022-06-07
247,養套殺，要買pro的請三思,原本都是月訂制，雖然算起來年訂比較划算，但我可以想解約就解約，熊貓不知道從什麼時候開始推了很多年訂方案（找業配），我不以為意，結果有天我月訂會自動續約，他直接給我信用卡刷不過，強迫我年訂，同一張卡刷原本月訂會有異常？好，這些都還不是重點，6/7北部新增平台費用，6/6才用系統寄信箱說要漲價，那我當初為了「達到低消不用而外付款」訂閱會員，這樣喪失原本的意義，讓人覺得被欺騙的感覺，雖然一筆訂單沒有多多少錢，但就是一種反正我就要這樣幹了，你想怎樣？所以請未來要繼續買pro的人請三思，熊貓年訂如果沒辦法退費，我下個年度也不會續訂，寧願用吳柏的平台，希望能讓越來越多人知道這平台的惡行惡狀,1,248,2022-06-07
248,平台費我真的傻眼,買一年又不能退費不爽,1,249,2022-06-07
249,平台費 給你六顆星,溢出來的六顆星,1,250,2022-06-07
250,繳了月費現在又有平台費是三小！,每個月要會員費現在每筆又多5個平台費，哪月費是繳心酸的嗎？而且餐點也比現場買還貴,1,251,2022-06-07
251,巧立名目變相加價,吸收會員減免運費以後，再坐地起價增加「平台費」這個收費項目，真的很傻眼！絕不會再續約！,1,252,2022-06-07
252,無誠信公司,推廣大家訂閱年費之後，又變相收平台費這種鬼東西，如果這樣也請提供大家退訂機制，不然根本惡意欺騙消費者，今天通知（還沒有在平台上公告，只發mail)明天就漲價，太不合理,1,253,2022-06-07
253,沒誠信破壞合約的公司,沒誠信的公司，已調閱年費 結果巧令名目加收平台費片面破壞合約，還不給退費，未來為了坑使用者還會加收什麼不知名費用,1,254,2022-06-07
254,惡意違約，連panda pro都額外收取平台費,建議大家去用ubereats，這間公司隨時都會砍會員福利，把會員當韭菜割，自創各種名目向用戶收額外的費用，我是不懂貴公司已經跟商家收了平台費了，又跟買家收是什麼意思  當初說好的免外送費，且無其他隱藏費用全都是屁，毫無誠信的公司,1,255,2022-06-07
255,先騙年費再收平台費？爛軟體,就如標題說的，3月廣告打很兇先騙一波年費現在又收什麼鬼平台費？不會太離譜嗎？玩不起當初就不要開什麼年費制，已向消保申訴看後續怎麼處理，要訂閱的客戶自己注意一下陷阱,1,256,2022-06-07
256,訂閱foodpanda pro被重複扣款,真的可以直接去用Uber eats了 這平台是真垃圾 客服也處理不好 賺那麼多錢還在黑錢 真🐮🍺,1,257,2022-06-07
257,爛東西,司機店家都是沒有水準的人才會加入！路上飆車，巔峰時段店家沒有品質！店家沒有名氣才會投靠熊貓！司機都是一些有問題的人,1,258,2022-06-07
258,加收平台費不合理,已經是pro會員還要被加收平台費，那我加會員幹嘛？爛公司，改用別家,1,259,2022-06-07
259,跟餐廳收平台費又薛消費者,平台費有在合理？薛業者薛外送員現在連會員都要薛了？,1,260,2022-06-07
260,隨意增收平台費,無預警多收「平台費」，把使用者當盤子👎,1,261,2022-06-07
261,變相漲價，拒用,變相漲價，拒用,1,262,2022-06-07
262,是不是把會員當韭菜？,說多收費就多收費？,1,263,2022-06-07
263,收費越來越貴，卸載了,本來是UBER、熊貓輪著用的⋯我每筆訂單還會額外給外送員50元小費⋯⋯然而低消也漲、運費也漲、而且很久沒有出區域免運活動了，今天再看到加收平台稅⋯⋯決定卸載了，以後只用UBER⋯同一店家運費可以省8塊（5元＋3塊平台稅）⋯⋯除非你們取消平台稅政策，否則未來不會再使用你們的服務了,1,264,2022-06-07
264,隨意更改收取費用,不是說會提前公告嗎，說改就改？,1,265,2022-06-07
265,不合理,繳了年費還要收平台費？？,1,266,2022-06-07
266,吃相難看的公司,超爛,1,267,2022-06-07
267,收取平台費真的很不行,訂單一堆問題預定的都暫時關閉是要點個頭 現在還要收取平台費 我們這些花錢訂閱的都白癡嗎 錢都你們在賺 獅子大開口喔！,1,268,2022-06-07
268,我肚子餓了,12.35分沒有外送了 可笑,1,269,2022-06-07
269,吃像難看，取消續訂,掰,1,270,2022-06-07
270,無誠信的企業,千萬別被騙加入年費會員，因為會今天說漲明天就立馬漲！！,1,271,2022-06-07
271,前外送員的心得,外送費從70、80、110、120依接單數多寡而定 到後來變成每單60 到最後每單40 or 夾2單90(平均45/單) 每小時才均2～2.5單的單量 大家覺得外送服務品質能多好 1.壓榨外送員 2.壓榨店家(每1樣商品抽38%） 3.消費者身上抽平台費 如此的作為，早已對外送平台失去信心,1,272,2022-06-06
272,留完評價卸載去,我連五塊都不讓你賺！再見！我還有ubereats❤️,1,273,2022-06-06
273,外送人員的職業教育問題,停在路上行駛縣道上玩手機？ 上前告知擋到人了移車一下 外送人員用恐嚇的口吻說不移能拿他怎樣 真心希望外送平台能出面處理 不然這真的是路上行駛的安全問題 以及客戶的安全疑慮 已上傳熊貓官方等待回覆 並檢舉此人  後續：不了了之⋯⋯ 真的失望,1,274,2022-06-06
274,無良商家,騙 消費者購買pro後漲價 雖然沒多少錢 但觀感很差,1,275,2022-06-06
275,騙錢公司,千萬不要買會員，訂閱還被巧立名目額外收費,1,276,2022-06-06
276,客服解決方式不會讓客人滿意,重點在標題 關於系統錯誤重覆送單 客服不會給予賠償要消費者買單 為會員感到不知 這麼大的公司可能付不起賠償吧 #給負評的都給五星？我不理解,1,277,2022-06-06
277,Slow slow slow,"Be careful before making your order. They will show you a very short estimated delivery time. After you make the order, they will keep you waiting for more than 1 hour and there are no way to cancel the order.",1,278,2022-06-06
278,年費繳完馬上宣佈加收平台費,真的是傑出的一手喔一次惹怒一票pro會員^_^ 從來沒看過吃相這麼難看的,1,279,2022-06-06
279,提出訂閱制後巧立名目收錢,一家這麼大的外送平台公司，居然可以在訂閱制未下一個訂閱期間更改服務內容，巧立名目收錢，沒有看過這麼離譜的一家公司，如果沒有提出合理的解決方案，我不會再用這家的服務！,1,280,2022-06-06
280,麻煩增加評分選項,可以多加評分外送員的選項嗎？ 有時候送餐真的很久！ 連按負評的選項都沒有,3,281,2022-06-06
281,違約隨意增加平台費,沒誠信的公司 隨意增加平台費 對我會員費！,1,282,2022-06-06
282,訂單不要延遲很難嗎？已經等了不知道幾次延遲快一小時了,不給一星對不起自己,1,283,2022-06-06
283,繳了年費還要加錢,繳了年費現在還要加平台費,1,284,2022-06-06
284,餐點遲到2小時，平台完全沒有通知，誇張！,2022/6/6星期一，下午5點點餐，餐點遲到2小時，打電話跟店家詢問才知道餐點早在收到訂單半小時後就已完成，但是沒有外送夥伴取餐。     平台完全沒有通知顧客，事後僅發送有期限的折價券做為補償，且實際收到的優惠券與客服告知完全不同，客服說補償60元優惠券，期限90天，實際收到為50元折價券，且有效期限到2022/7/6，等於少10元且僅有30天使用期限，有欺騙消費者的嫌疑。     建議不要使用此平台，除非您能接受上述的服務品質。,1,285,2022-06-06
285,爛死了！整天漲價,爛死了！整天漲價,1,286,2022-06-06
286,App跟客服很爛,App帳戶突然被登出，重新登入後pro會員不見，加上點餐時又要求電話驗證，但同一個門號又一直顯示已申請過= =詢問客服，客服機器人式的回答跟本沒解決問題…….,1,287,2022-06-06
287,要漲價那我今天要刪掉app了,要漲價了，先刪,1,288,2022-06-06
288,客服真差,出事找客服卻找不到人，一天到晚就只知道漲價調漲，那服務呢？真想對你們罵髒話！,1,289,2022-06-06
289,去用Uber!,看不懂平台那麼難永有什麼臉來跟我收平台費,1,290,2022-06-06
290,垃圾東西,送餐超過時間取消訂單不退款,1,291,2022-06-06
291,比較貴,大部分價格都比店內貴,1,292,2022-06-06
292,收費越來越多,每個餐點多價格 合理 畢竟餐飲老闆也不想虧錢 外送費 偏貴 但算還可以接受 現在又多個 平台費  再見不送,1,293,2022-06-06
293,訂閱Panda pro還要額外收取外送費用….,原本訂閱Pandopro年費制度，本想說原本約定為滿額不用額外付外送費，現在突然一封Email說2022/6/7開始即使有訂閱也要額外收取，這樣讓原本就一次訂長期的人要退費也不能退還被長期綁架！一封email直接改變遊戲規則，連寬限期也沒有真是很糟糕的服務體驗！！！,1,294,2022-06-06
294,詐騙喔,先讓消費者花錢買了一年份的會員 現在又要加收什麼平台費 上賊船 開始各種額外費用加收,1,295,2022-06-06
295,完全不退款,外送員送餐送到不見，退款明明使用退到退款帳戶卻變成退回刷卡的，那請問你們用退款帳戶幹嘛？然後不止第一次沒退款了，等了一個月就是都不退款，請問你們熊貓公司這樣騙了多少消費者的錢？聯絡客服永遠只回應一樣7-14天，重點就是一個月了都還沒有,1,296,2022-06-06
296,外送地區好小,為什麼墓園可以送 旗津就不行,1,297,2022-06-06
297,自己搞錯時間然後叫我跟客服反應？,外送員素質可不可以好一點,1,298,2022-06-06
298,客服,有些店家明明有開，但是在foodpanda上卻顯示沒開或暫時關閉？,3,299,2022-06-06
299,用i13點擊團購連結無法直接導向app內,會跳到app store 打開app無法進到團購訂單只會出現首頁,3,300,2022-06-06
300,少送問題,叫好幾次也有好幾次都是少送也從沒補償過回報給客服一直叫我去客服中心尋求協助 打了好幾百次也沒看處理過 最近的一次是上個月月初少送一樣到現在都還沒處理 真他媽越來越爛要是不想經營就趕快關一關吧,1,301,2022-06-06
301,付費會員吃錢沒給會員身分！,連續被扣款兩次 卻沒有會員身分 多次聯絡客服被冷處理 信箱客服部更慘！！！完全沒在看信件內容 永遠一句 等待等待 不找客服 客服就不會聯絡你 完全沒有帳號維修的任何進度 原本以為自己是個案 結果發現不是 是一直以來都有這個問題 就看誰倒楣遇到 不會退款 而是一直說會維修 直到到期了吧⋯⋯,1,302,2022-06-06
302,南大路居然不能使用地址,帳號無故被登出然後就登不進去了他媽的逼前半小時才訂購後半小時您的地址不存在？ 南大路不能使用地址除了熊貓之外我相信沒有一個外送平台能跟熊貓一樣爛了除了爛還是爛！尋求客服協助有跟沒有一樣，錢賺到了品質系統隨便了？,1,303,2022-06-06
303,無法訂購餐點,一直顯示錯誤無法下訂單，將程式刪掉重新下載後還是一樣,1,304,2022-06-05
304,爛,原訂時間30分鐘 又延到40分鐘 後面直接等了一個小時，結果收到餐點 冷掉了…,1,305,2022-06-05
305,送貨員,今天晚上訂夢想家複合咖啡送貨員口氣很差而且態度很不好還有熊貓自動取消客戶的訂單讓客戶無法知道他訂的餐被取消了服務太差,1,306,2022-06-05
306,外送員素質高低落差大,餐點丟在公寓樓下的門口也沒電話聯絡就閃人，常常餐點還沒來就顯示已送達，完全沒有聯絡外送員的方式，更別提夾一堆單繞來繞去不知道跑去哪的外送員，想吃還是自己出門買吧，餐點在路上被怎麼對待你也不知道，還要壓縮店家生存的空間，公司那麼大也沒辦法有效的約束外送員。,1,307,2022-06-05
307,爛東西,你們真的只有爛而已知道嗎,1,308,2022-06-05
308,需要分開放的餐點,可以跟店家講一下，注意看一下備註，需要分開放的餐點不要通通放一起，造成我們共食的人困擾！麻煩再貼心一點，謝謝,5,309,2022-06-05
309,每次都送錯,若在同間店買兩次東西分寄不同地址，就一定會全部送到同一個地方，然後另一個地址都沒收到。分兩個地址不是應該派兩個外送員嗎？到底為啥會有這樣的狀況？,2,310,2022-06-05
310,有夠貴,全部東西都貴到靠北 三份吐司兩杯奶茶要250？直接多賺100？,1,311,2022-06-05
311,系統顯示已送達但未收到貨品（訂單ocag-vaf2）,我的社區門牌就是莊敬路二段122號，對多次前往管理室就是沒看到東西。在系統上 外送指示那邊特地寫「莊敬路二段122-5號2樓 大清掬月」。你可以查詢我過去外送的紀錄都是這樣寫，也從來沒送錯過。今天下午只有收到熊貓系統的送達訊息，也沒收到外送員電聯通知（過往都會電聯通知到貨）。兩點多要下去取貨就沒看到東西，詢問警衛他也說沒看到外送員過來。我嚴重懷疑外送員跟本沒把東西送過來，煩請聯繫他確認物品到底送到哪邊了？你們一直不跟外送員連繫確認，你可以叫外送員打給我當面對質看到底為何送達也不電聯，東西到底有沒有送過來  我用你們客服信上的連結 點選下去就是我們的社區 地址也沒錯，但我今天已經確認過很多次就是沒看到東西 你們客服不要隨便用罐頭文敷衍我，再不妥善處理這些對話紀錄我會申報給消保會,1,312,2022-06-05
312,速度很慢,"訂單永遠的一拖再拖, 原本30分鐘,永遠拖到90分鐘",1,313,2022-06-05
313,熊貓外宿人員傳騷擾訊息說知道我家在哪,熊貓外宿人員傳騷擾訊息說知道我家在哪 害我現在連在家也會怕，也遇過很多外送人員很沒水準，相較另一個大平台素質真的低很多，有待改進,1,314,2022-06-05
314,突然就被登出,一直說我的手機號碼被用，被登出之後登不回去？訂閱你們一年就這樣沒了。,1,315,2022-06-04
315,推出年費後一直出問題,推出年費後一直有問題 客服從以前會解決問題變成鬼打牆 還隨意取消對話 App很常變成無帳號狀態 不能點餐也不能退年費 錢是這樣賺的嗎,1,316,2022-06-04
316,根本沒溝通好,爛的離譜，一個半小時，跟我說訂單取消 6:30下單成功，預計7:30抵達 8:15詢問訂單超時，能否取消，回答不能取消，訂單在製作/配送中，預計8:35抵達 8:30取消訂單，請問我這一個半小時等的什麼？ 客服詢問都不能給我一個滿意理由？,1,317,2022-06-04
317,無法在已訂購完、店家留言區留言,更新完一樣不能打字,1,318,2022-06-04
318,系統穩定度,常常更新後或是突然被登出帳號，但是訂餐頁面沒有顯示被登出帳號，導致結帳前出問題無法結帳，必須要重新登入重開一次訂餐才行,4,319,2022-06-04
319,因為爛,若不是最低只能一顆星 ，不然連一顆都是多餘的,1,320,2022-06-04
320,定位太爛,定位太爛,1,321,2022-06-04
321,收取訂閱費還收客戶運費,每個月自動扣款我訂閱費，我點餐符合免運金額後還是收取我運費，多次向客服反應態度消極，每被收取一次只會給我運費等值限時優惠券，問客服怎麼解決訂閱後還是會被收取運費問題，他們回覆，再收取的話再跟他們說，再給我優惠券⋯ 完全沒有解決根本問題意思，極度不負責任的糟糕公司。 我決定再也不使用熊貓並投訴消基會，在此希望被熊貓糟糕服務態度以及同樣被損害會員使用權益的朋友們，跟我一起投訴消基會或訴諸媒體，並抵制不用他們app，不然他們根本不痛不癢，一起讓他們受到罔顧消費者權益的惡果。,1,322,2022-06-04
322,一堆問題,訂個餐一堆系統問題，顯示錯誤，根本訂不了，發生了不只一次，超爛。,1,323,2022-06-04
323,貴桑桑,每次店完看到價格，我還是覺得自己出門比較好,1,324,2022-06-04
324,無法訂餐，請退會員費用。,登入偶爾閃退、好不容易登進去要點餐但顯示錯誤、也無法訂餐！？請問我加入pandapro到底是享有什麼服務？享有無法使用的APP？？  要找客服也無法聯繫，請迅速解決你們的問題！ 不然就退半年的pandapro 費用給我！,1,325,2022-06-04
325,越改越難用,改這個不如把錢花在外送員的福利 搞不懂公司到底在想什麼 改成這樣店家地址也沒有 消費者資訊也不清楚 不好用 問題一堆,1,326,2022-06-04
326,地址消失問題,我儲存的地址全數消失是有什麼問題？ 後續也不給予新增，麻煩修理好這個bug謝謝,1,327,2022-06-04
327,我要去用Uber eats了,送達時間永遠延遲、餐點送錯或是少送東西，得到的都是糟糕的用餐體驗！加油一下啦,1,328,2022-06-04
328,讚喔,讚喔,5,329,2022-06-04
329,帳號不見,什麼爛APP以前用的都好好的今天打開帳號就不見了,1,330,2022-06-03
330,沒優惠,優惠比別人少又那麼貴,1,331,2022-06-03
331,優惠碼,覺得現在的優惠碼幾乎都沒有了,3,332,2022-06-03
332,你家的外送員是急著去投胎嗎？！,十字路口不減速從我車子右方衝出來，還停下在我車前面瞪我。我右轉是打方向燈的，就看你家的外送員煞車煞不住在那邊晃。有種別跑啊，還對我罵髒話！急著投胎，是嗎？,1,333,2022-06-03
333,無理設計,是什麼設計才會導致一些一般會員就有的折扣在pro的帳號反而沒有折扣？不是第一次發現這個現象了，那些訂閱的人是不是白訂閱了？不要耍這種小聰明賺這種錢，有夠噁心🤮,1,334,2022-06-03
334,吃個仙草比登天還難,真的很爛，選擇付款方式，一直跳出發生錯誤,1,335,2022-06-03
335,只會顯示什麼錯誤訊息,到現在都不能購買東西,1,336,2022-06-03
336,電話號碼已被註冊 也沒有解決方案,令人十分失望 已刪除app,1,337,2022-06-03
337,無緣無故被取消會員,我上個月繳了年費 為什麼今天突然被取消 客服中心也點不進去 誰可以給我答覆？,1,338,2022-06-03
338,爛死了,所以說外送員棄單沒有轉單，我白白等一個小時多是活該？,1,339,2022-06-03
339,介面比Uber難找東西。,2021年分類再做清楚一點，Uber Eat就很容易找自己要的分類！ 2022年有改版介面有改了，但是還是很難找，2022用了Uber人家還是比較清楚。 20222/5/14、16，訂單有問題，支付失敗，一直說有退款，一直退到現在，退刷退了兩星期了還沒處理好，客服到底是怎樣處理事情的，就是沒有退款，就是沒有處理好。我看這$380元到底要退多久。,2,340,2022-06-03
340,會盜刷信用卡的App,會費重複刷卡死不承認 堅持查詢不到任何交易 會讓你等7-14天 因為銀行扣款完成就無法止付 聯繫不到客服 罐頭訊息會叫你去報警,1,341,2022-06-03
341,iPhone se2 app錯誤,按不到左上角的x或返回鍵 一直卡在panda box頁面 希望能快點修復,5,342,2022-06-03
342,很棒,比Uber好很多,5,343,2022-06-02
343,更新之後系統錯誤,更新之後一直沒有辦法儲存地址 無法輸入送餐地址 想聯絡客服系統也顯示錯誤 根本沒辦法用,1,344,2022-06-02
344,好爛,登入不了 在那邊說什麼已有gmail帳號 完全不知道在幹嘛 請修好你的app 再修好你的外送員,1,345,2022-06-02
345,越來越爛了,包月費不斷上漲 優惠越來越爛 就連收到商品有問題補償也是⋯⋯,1,346,2022-06-02
346,無故取消訂單,等了一個半小時，結果自動取消訂單！,1,347,2022-06-02
347,不能訂餐點,真的有夠誇張 買了會員直接檔案全部不見 不能訂餐一直出現錯誤 還不止我一個人 如果是只有我一個人我就相信是我手機的問題 身邊的人都出現這些問題,1,348,2022-06-02
348,買會員重複扣款,要不是剛好對帳就被多吃掉一千多塊了欸 這到底什麼公司，重複扣款處理方式居然是叫我月底自己去對帳單，看看有沒有請款。阿如果有是要告你侵佔嗎？還是拜託你能不能還我錢,1,349,2022-06-02
349,沒有評分機制,今年開使常常沒有評分視窗，客服只有給重新下載的解決方式，2022都過半年了，可以請工程師把評分功能改善一下好嗎？  評分視窗於訂購後沒跳出來，就無法重訂單紀錄裡去補填，很爛。,4,350,2022-06-02
350,慢單未有主動通知,11點初下單12點的單  11點55點開確認要慢到約12點20  未有主動提醒，中午午休時間被搞到要吃的很趕  再次中午前下單遇到,1,351,2022-06-02
351,運費太貴,運費越來越貴了 ，真的點不下去。,4,352,2022-06-02
352,App很不穩然後客服爛爆,一顆都不值,1,353,2022-06-02
353,送錯地址還要付外送費,外送編號：#h7ki-k45v 外送員送錯地址 ， 無法拿到餐 ！ 連絡不到外送人員！反映第一位客服（NgoChong.W)，聊到一半，直接離線，第二位客服（ChinYee.C)，只會回罐頭訊息 也無法做任何幫忙。App 回應已送達，但是沒看到任何餐點，因為之前有送錯地址經驗，所以想是不是也是這樣？後來想要跟外送員反映是否送錯地址？卻無任何聯繫方法！於是跟客服反映（NgoChong.W) 外送地址填寫正確，為何送錯？講到一半，客服直接離線！跟第二位客服（ChinYee.C) 只會回覆罐頭訊息， 然後叫我們寫信給貴單位反映！ 訴求： 1）無法支付這筆外送費 請退費！ 2）第一客服 跟外送員 服務差 請貴單位好好處理！,1,354,2022-06-02
354,會跳開,點進App後顯示發生不明錯誤，然後就直接跳掉🤯,1,355,2022-06-01
355,免運費 加入會員179免運,現在熊貓優惠比較多,5,356,2022-06-01
356,Excellent,Fast and super efficient,5,357,2022-06-01
357,外送員偷走餐點還無法聯絡,用信用卡付款後，餐點直接被外送員偷走，真的是良心被狗啃，還無法聯絡到外送員本人！請學學Uber eat,1,358,2022-06-01
358,外送服務費與店內店外的價差,外送費增加了，如果是給外送員的話還可以理解 比如我到店內買一份便當100，可是到你們的價錢就變110-130未免賺太大了吧,3,359,2022-06-01
359,退出用戶帳號登入趁機吃錢？,系統自己退出我的帳號登入狀態，登入不管用臉書apple信箱通通說有問題，重設密碼之後頁面根本跟app沒有聯通上，還是無法登入！而且我這輩子就只有一個信箱，信箱到底可以有什麼問題！！是不是登入不了就可以白賺pro的會員費？一種操作手段嗎也太瞎了吧,1,360,2022-06-01
360,到下雨就全關 啊外送平台開心酸膩？,到下雨就幾乎全關甚至就是全關所有店家，導致根本沒辦法點餐，呃下雨明明就是單量爆炸的時段結果都幾年了依然愛關就關也沒有處理方針，讓一堆顧客有需求卻都沒辦法叫到吃的，那需要外送平台幹嘛？然後雨天運費也是，愛漲就漲，沒有公告沒有預告，有時候前一秒還是30幾下一秒要結帳直接變40幾，要不然就是無預警關閉，想吃餓肚子的人完全點不到。雨天運費貴就算了，但不是坐地起價欸，從29漲到39不夠，手還伸到45去，甚至根本就在附近的店也要45真的有夠誇張，運費直接能再吃一餐有夠好笑，或者直接關閉不讓買，那這樣要外送平台幹嘛我真的不知道欸好好笑，可憐到那些付了錢想要免運的顧客被當盤子耍還吃不到東西，收了錢愛關就關也不提升自家業務能力與危機處理，拉可憐的顧客一起承擔，笑死付了錢的還要因為你們自己的問題跟著承擔，花錢受罪史上最強一家平台。,2,361,2022-06-01
361,叫熊貓超市75折的優惠根本是假的,叫熊貓超市的優惠根本是假的,1,362,2022-06-01
362,外送等1.5小時，最後被取消,延遲一個小時後跟客服反應，換來的是取消訂單，呵呵。 店家的危機處理就一極棒！,1,363,2022-06-01
363,訂單系統問題很大 會延遲通知餐廳接單,客人下單完成到餐廳接到訂單時間差了快40分鐘……下單時（11：31）原本顯示製作到收到便當約40分鐘， 結果時間到（12：16）打電話給餐廳問怎麼還沒製作好，餐廳說這筆訂單系統顯示12：08才剛接單  五分鐘車程的餐廳  用foodpanda 系統下單到收到便當超過一個多小時……,1,364,2022-06-01
364,App很慢,像要傳訊息給外送員都送不出訊息，右上角一直一直一直在轉圈，怎麼跟外送員溝通,1,365,2022-06-01
365,爛,越來越爛 已刪除,1,366,2022-06-01
366,送達時間永遠不準時,動不動就延後送達時間，一延可能就超過半小時，外送員也個性很差，一堆8+9是來外送還是來殺人,1,367,2022-06-01
367,重複出單問題,我連喝四杯奶茶，操！,1,368,2022-06-01
368,沒用過那麽爛的外送平台,生鮮不能付現金（貨到付款） 用一樣的電子信箱 一樣的電話號碼.只是換新手機.再登入確顯示（電話號碼已經註冊過.請換另一個電話號碼）請問一個人是會多多電話號碼.爛平台👎🏻👎🏻👎🏻👎🏻👎🏻,1,369,2022-06-01
369,熱送,對於我們這個小地方有外送真的非常方便，尤其是在防疫期間幫老人家叫外送真的方便又實用，而且外送費比另外一家便宜多了，也多了很多種選擇！,5,370,2022-06-01
370,手機帳號一直登不進去是怎樣,趕快修好嗎,1,371,2022-06-01
371,東西打翻 客服不處理,包裝沒拆 明顯東西打翻 回報客服不處理 這間平台真的不能點 還懷疑客人  我還懷疑客服都在偷懶 反正只要懷疑客人你們什麼事情都可以不用做嘛,1,372,2022-05-31
372,外送員問題,請問你們外送員素質是怎樣 嗆客人 然後你們客服又沒人接電話 你們熊貓是有人可以處理這件事情嗎,1,373,2022-05-31
373,爛,真的有在爛 買了pro會員扣款了 完全沒收到！客服全在踢皮球 一下叫我登出 重新下載 都解決不了問題 搞的我現在每下單一次就要客服申請運費退款…真的有夠雷,1,374,2022-05-31
374,App有瑕疵 客服一直鬼打牆,常常下單完結果被取消訂單 或者訂單未成立 然後我還能收到信用卡消費通知，被取消或者未成立都不會通知消費者 傻傻的等了一小時才發現訂單沒了，而且他還先扣款 去找客服詢問 客服一直鬼打牆，語言能力極差？,1,375,2022-05-31
375,選零接觸 a走客人餐點,明明我付款也點選零接觸，也清楚寫住家住址怎麼找到，零接觸為何不放門口，跟我聯繫幹嘛？我又不是沒付款，也選零接觸本來就是不接觸放門口，我邏輯那邊有誤，你們這樣拿走餐點是小偷行為，你們上面叫人選零接觸有備註還要備註放門口嗎？  別家外送線上刷卡，我也只註明家裡怎麽找，讓外送員好找，他們的外送員都知道放門口，還有頭一次遇到刷卡以付款完你們的外送員不放門口帶走餐點，我就是因為選你們系統零接觸而我也付款，也註記住家在哪，零接觸不就是放門口不是嗎？因這樣才很放心做自己事情，手機沒放身上，註記的地方才一個出入門口透天住家，為何會有帶走客人餐點的問題，後續看到電話聯絡上你們外送員，說送回來餐點給我需加收60元外送費用，她說她的外送費很貴 現在你們外送員每個都裝白癡自障，只有一個出入門，選擇零接觸客人沒接到故意不放門口，在敲詐客人餐點，或請他們送回敲詐客人要收外送費，那抓到機會就可以敲詐客人一筆外送費，你們的機制可以養肥你們的外送員，只會流失你們的客人越來越多，你們也是有好的外送員，電話沒接到留言說放門口，或走了電話接說已經放門口 ㄧ個老鼠屎壞了整鍋粥，只會一個一個效仿，養肥外送員流失客人而已,1,376,2022-05-31
376,糟透了,收了pro錢，無法使用其權利，無法解決問題也無法刷退,1,377,2022-05-31
377,傻眼,我老婆買月卡結果同一時間同一家店，他一直顯示暫時關閉！ 我沒買月卡，我就可以順利的下單？ 哪招？,1,378,2022-05-31
378,常常遲到的外送平台,餐點送達時間往往超出預期 預計40分鐘的被延遲兩次，聯繫客服也只會告訴你妳的訂單延遲了，也沒有要處理啊，前後也是等了一個多小時才拿到，也不給取消 這樣的服務真的也不想再續會員了,1,379,2022-05-31
379,english translation,"to have english translation., thank you..",4,380,2022-05-31
380,希望以前的外送員評星頁面可以回來,現在的很不好用,3,381,2022-05-31
381,？,可以多審核一下外送員嗎 動不動就遇到 脾氣大的外送員 嗆聲的外送員 送錯餐點也大聲的外送員  一個月內不知道遇到幾個了,1,382,2022-05-31
382,體驗真爛,，要我列缺點，厚度可以堪比字典,1,383,2022-05-31
383,暫時關閉,每次想點外送就暫時關閉 每一家都沒有… 是點毛線喔,1,384,2022-05-31
384,失望，只有一間可以點餐，要這app何用！,結論：退訂,3,385,2022-05-31
385,今天購買買麥當勞,服務態度非常好，品質優良,5,386,2022-05-31
386,謝謝,速度快,5,387,2022-05-31
387,連一顆星都不想給,連一顆星都不想給 傳送訊息請客服回覆處理 完全沒有要處理的意思！,1,388,2022-05-31
388,爛,建議取消轉單系統！app都願意讓客人點餐了！外送員還轉單挑選距離！是沒給外送費哦？,1,389,2022-05-31
389,.,破 同支電話號碼無法登入,1,390,2022-05-30
390,方便、快速，是忙碌現代人的好幫手！,方便、快速，是忙碌現代人的好幫手！！,5,391,2022-05-30
391,餐點沒有重點還不退款,本有個退款帳戶，結果客服中心說因為刷卡要等7-14天才能退款，那請問退款帳戶要拿來幹嘛的，所以貴公司讓我感到很失望，感覺被騙錢了，客服也沒有要處理，問得問題答非所問，以後不會用這個app了，我也會跟身邊的朋友提倡這個問題謝謝🙏,1,392,2022-05-30
392,優質的外送平台,方便、快速,5,393,2022-05-30
393,美食饗宴,非常棒的體驗👍,5,394,2022-05-30
394,建議改善的機制，與客訴流程不是很方便。,建議改善的機制，與客訴流程不是很方便。,5,395,2022-05-30
395,顯示已到達卻沒有送達,可惜沒有0顆星，1顆星都不想給，基本sop都沒有，外送素質差，連電話都沒確認，也不知道是送給鬼，就是亂七八糟，退款還只能存在帳號內錢包，退費還得等7天，瞎爆了，自己的問題還要消費者買單，強烈不推薦使用,1,396,2022-05-30
396,態度,客服的處理態度真的極度需要加強欸 爛到爆,1,397,2022-05-30
397,五星好評,五星好評,5,398,2022-05-30
398,東西多,好用,5,399,2022-05-30
399,更新完不能使用,更新完後 ，完全點進去菜單就無法開啟了,2,400,2022-05-30
400,可憐的會員,無時無刻不管有沒有下雨 都在暫時關閉 話這麼多錢買會員 低消還要179才可以  會員也沒有什麼特別的優惠  客服也都很官方完全沒有處理的事情 真的覺得熊貓越來越爛,1,401,2022-05-30
401,預訂餐點總是會遲到,已經連續預訂兩次，結果餐點都顯示會晚送達 實在無法接受早早就預訂特定時間送達，結果時間快到，才很臨時說無法在指定時間送達（第二次還是系統忙線問題），第一次還覺得是餐廳的問題，但第二次只會讓人覺得是平台無法提供預定服務，還硬要吃下預定餐點的需求，實在讓我很失望。,1,402,2022-05-29
402,增加評價功能,常常一次訂幾家的餐，但是常常一次只會出現一家餐廳的評價功能，或是有時候手滑不小心沒評價到餐廳，希望可以增加再歷史訂單完成評價的功能，給予值得鼓勵的店家好評。,1,403,2022-05-29
403,爛死,退費有問題 出完事 找客服直接錯誤 進不去 想說算了 點餐一樣錯誤 什麼重載 都沒用 真的用別的 他們客服超擺爛 強烈建議別載,1,404,2022-05-29
404,系統有問題但申訴不能,某次與同事團購飲料，他們訂單送給我後，從我自己的帳號多了一些我沒有按的品項，但我也不好意思再去確認，畢竟團購功能就是為了方便，結果來了一堆根本不是我們訂的飲料⋯⋯但foodpanda 覺得是我沒確認清楚的問題，所以沒打算處理，我也只能笑笑，然後把app連同帳號一起刪掉，爛啦～,1,405,2022-05-29
405,湯品有被擠壓,第一次訂，湯品有被擠壓到，有漏。,5,406,2022-05-29
406,訂餐一直顯示發生錯誤,快餓死啦,1,407,2022-05-28
407,換一個地方就不會使用.,同一個電話只能在一個地址使用,2,408,2022-05-28
408,讚,對定位的準確度越來越好,5,409,2022-05-28
409,客服回覆罐頭訊息持續敷衍,同樣問題一直回覆罐頭訊息，客服品質比UberEAT差太多，建議改購買UberEAT，相對消費者糾紛較少！,1,410,2022-05-28
410,越更新越爛,一直跳出錯誤視窗無法訂餐,1,411,2022-05-28
411,發生錯誤,決定好要吃的東西之後 跳到準備結帳的畫面就彈出了發生錯誤 結果按結帳都是發生錯誤 要去客服中心反應的時候也跳發生錯誤^ ^？ 重新下載也一樣 可以告訴我我該怎麼處理這個事情嗎,1,412,2022-05-28
412,UIUX爛爆,(1) 搜尋引擎爛爆， 例如直接在app內搜尋「你好早午餐」會出現一大堆xx早午餐但沒有一家叫你好，換google搜尋「你好早午餐 foodpanda」就直接出現該早餐店熊貓網址，打廣告也要適可而止吧？  (2) 畫面設計很難看到自己想要的東西， 優惠主打、附近熱門、超人氣餐廳⋯結果內容都在重複，完全不曉得這記者標題有何資訊含量。  (3) 操作很不直覺， 廣告會員等無意義欄位太多，浪費使用者只是想快速找到自己想吃東西的時間成本。  (4) 優惠碼不能自己套用， 技術很難嗎，if else判斷等級的邏輯而已，故意給消費者製造麻煩，浪費所有人時間。  (5) 我就問身為一個外送平台app，會員資料含地址+搜尋引擎+食物分類+優惠餐廳推薦，頂多個上次訂購，畫面只需要這些東西有很難嗎？,1,413,2022-05-28
413,更新後就不能使用了,沒辦法點餐 也進不了客服 直接變成佔用空間的程式,2,414,2022-05-28
414,方便安全,疫情期間享受美食的好方法,5,415,2022-05-28
415,點餐,清楚方便,5,416,2022-05-28
416,Uber eat真的屌虐熊貓,我以為熊貓的爛是有目共睹，結果點進來看五星竟然那麼多 現在不管有沒有下雨外送餐點幾乎都要等到快一個小時 外送員同時接很多單 拿到食物先去送別人的單也不會像Uber eat一樣先講 很多時候拿到餐點的時候早就冷掉了 我真的不知道foodpanda在幹嘛= =,1,417,2022-05-28
417,超爛,大家都公認爛的外送平台 不用多說了 外送員素質 客服態度和處理問題的方式都是爛到連一顆星都不想給 給一顆星真的是爽到這個平台,1,418,2022-05-28
418,外送員素質低落，到底有沒有要整頓這種社會亂象？,遵守交通規則很難？沒唸書嗎？低賤的狗東西。,1,419,2022-05-28
419,非常爛,爛到沒話說,1,420,2022-05-28
420,驗證碼寄不出來,到底在衝三小，寄個手機驗證碼等個半天都沒有到，搞什麼？有這麼困難嗎？ App做這麼爛還想叫別人點餐？ 外送員沒篩選就算了，什麼鳥app?有錢廣告沒錢更新app?  收一收好了 別做了,1,421,2022-05-27
421,使用信用卡顧客請三思、會被減少餐點！！！,本來不要再讓外送員接觸零錢與客人所以才想說用信用卡零接觸取餐、結果送來只有餐點，我的飲料完全沒半個蹤影、難道外送員不覺得只有四個吐司跟蘿蔔糕居然高達514元很奇怪嗎？ 後來7:28給客服中心報告一直死不回、打給公司google明明顯示24小時營業、7:36打過去卻說現在是下班時間、直到晚上22:40我看客服也沒回應 所以特別來評論一星讓人知道這間熊貓多囂張！直接刪APP、反正大不了不吃宵夜不喝飲料自己花油錢出去！  之後飲料還是店家特別幫忙送過來的！！,1,422,2022-05-27
422,不要買會員,買了會員下雨天店家都顯示關閉，沒買會員的那一支手機就都點得到餐，爛到不行,1,423,2022-05-27
423,我等了兩小時火鍋，一毛賠償都沒拿到,我7.點的餐，你一直說店家沒準備好，讓我等到九點，我打過去店家店家說做好很久了，最後還是我自己去拿的，現在是顧客、外送員、餐廳三方都要坑是不是，我們家4個人都會把你們的年會員退掉改訂Uber eat，你們在香港被罷工是真的活該！,1,424,2022-05-27
424,更新密碼根本就收不到連結信,申請客服也未見回覆，這個客服是假的嗎？,1,425,2022-05-27
425,騙欸,剛訂閱一年，打開來看可以外送的不到十家，自取幾百間，是怎樣？,1,426,2022-05-27
426,壞掉了？,一直出現錯誤什麼情況 連客服點進去也錯誤,1,427,2022-05-27
427,今天突然不能下單也不能登入帳戶？,確認一下好嗎，今天突然不能下單，也一直跳出要我登入帳戶卻發生錯誤的問題,1,428,2022-05-27
428,系統的送達時間是唬爛,系統顯示送達時間完全不準，外送員提早20分鐘到，導致買家很困擾 外送員也很困擾 系統能不能弄好一點？？外送員送達時間和買家這邊的能不能同步？？ 外送員提早到真的造成雙方非常大的困擾！！！！ 而這個問題就出在你們沒有在外送端的系統上顯示送達時間！,1,429,2022-05-27
429,莫名被取消訂單還不退錢,等了快半小時突然被取消訂單，說外送員找不到我，但期間我一通電話也沒收到，而且我人也在門口附近而已，但是明明都沒看到外送員出現啊！很扯的客服系統跟態度。使用2次都沒有好印象..爛程式,1,430,2022-05-27
430,缺點,點擊「餐點已在路上」的通知進app後畫面會直接卡死無法操作、沒有小費系統、評價系統不完善、無營業時的店家頁面內沒有標示,3,431,2022-05-27
431,扣款扣兩次,輸入信用卡驗證碼，只有輸入一次(也只收到一組)但每次扣款都要扣兩次，這系統問題何時解決,1,432,2022-05-27
432,已刷卡續訂會員卻不給會員優惠,訂餐還要收外送費， 一直說後台看到是有會員的狀態，要我重新卸載，我都照做，但還是沒改變，也不讓我退刷，什麼爛公司？！,1,433,2022-05-27
433,👎🏻,爛,1,434,2022-05-27
434,訂單等太久不能取消.外送員素質差,如題 餐點等超過2小時都還沒出餐 卻不能取消 卡都刷了 也不能退費 浪費我時間浪費我錢 還讓我餓肚子 拜託改善一下吧。很多時候外送員素質差 餐點都湯汁撒的到處都是 也沒辦法評價外送員 其他平台都可以評價外送員 好讓外送員素質乾淨,1,435,2022-05-27
435,等很久 要使用請多多考慮,點一個餐點能拖兩個小時還沒送出,1,436,2022-05-27
436,餐點準備好了，但沒有人來送,我們中午休息時間只有一小時，結果因為沒人送單，導致我們竟然要親自派人過去領，請問服務價值在哪，好幾次了 然後客服也很難聯繫，聯繫上了也只有機器人的回答，直接不訂閱也不用了，快被氣死,1,437,2022-05-27
437,垃圾程式,誰用誰是狗 垃圾app,1,438,2022-05-27
438,訂單取消,我訂一個麥當勞10.30下單 原本說11.會送達 之後更改成12.45 又變成13.15 最後直接變成訂單被取消 我已經等了多久 Q,1,439,2022-05-27
439,服務很爛,服務很爛，訂單一直延後,1,440,2022-05-27
440,訂pandapro 結果最近一堆店家關閉,打電話問店家明明都有開 Panda卻都顯示沒開 感覺訂pro超浪費錢,1,441,2022-05-27
441,延遲,訂單延遲沒有通知，自己查看才發現延遲超過一小時，嚴重影響行程！如果無法順利出單，請設立通知系統，而非假裝沒事惡意延遲。,1,442,2022-05-27
442,昨天訂餐系統嚴重出包延時出餐還要打去店家確認,是否有出餐整個延遲2小時,1,443,2022-05-27
443,等半天被取消,等半天結果取消，能送不能送能不能有個方法告訴一下使用者，不然浪費一堆時間結果等不到餐很不爽，還有便利商店的商品可不可以也給一個能看到是否還有商品的方法，不然點完之後要送了才看到一堆東西沒了也讓人很不爽。,1,444,2022-05-27
444,訂單一延再延 取消了還要扣款 這是什麼鬼邏輯 一開始沒有履行應該做好的事情 事後還要由消費者自己承擔 這種服務真的是從來沒有見過,可笑,1,445,2022-05-27
445,爛,爛透了⋯⋯⋯！賺那麼多錢，系統是不會用好嗎？還有客服也一樣！！！,1,446,2022-05-27
446,衷心建議大家不要繳年費制,5/26 23:14 點的麥當勞外送 套餐：雙層牛肉吉事堡 + 麥脆雞 +玉米濃湯 單點：4塊麥克雞塊  5/26 23:54 才收到通知 說因為餐點缺漏所以整個套餐取消， 會幫我送4塊麥克雞塊，還沒有外送員接單  請問是要吃什麼東西？  請店家加強人員對於外送系統操作的訓練，缺漏的品項該怎麼設定，發現訂單做不出來應該多久時間內通知，而不是空等半個多小時才收到這樣的回覆。  真人客服也是雷的可以，就只有退款功能，也不能改訂單也沒有補償時間損失。  已取消訂閱服務：） 衷心建議大家不要繳年費制， 因為你付款後就無法退費了， 沒有其他的選擇除了認賠。,1,447,2022-05-27
447,配送時間,訂餐配送時間常常比預估的時間還久很多！！如果晚個10-20分鐘就算了，但很多時候都是晚快一個小時？？？,1,448,2022-05-27
448,爛設計,新用戶首購優惠沒用到就沒優惠了,3,449,2022-05-27
449,好,不錯,5,450,2022-05-27
450,買東西從7點等到11點還沒送齊,沒有接單又不讓人馬上取消 重新下單一次後 說超市東西有少一樣 是什麼也沒說只說再派人補給我 一等就是一個小時 客服能不能講重點不要在那邊話術 就說少什麼要多久,1,451,2022-05-26
451,外送平台不能點餐？,如題,1,452,2022-05-26
452,訂單無故被取消，爛死了！,21:00初訂餐的，原先預定21:45會送到，結果進去系統再次查看，被延後到22:10，接著再進去看就被取消了，等了一個小時半，是這種結果，爛死了，真的會讓人很生氣，浪費人家的時間🙄🙄🙄,1,453,2022-05-26
453,鬼打牆客服,App難用 系統有問題 客服只會鬼打牆 也沒有申訴電話 無心經營就不要出來丟臉了,1,454,2022-05-26
454,大家考慮一下再下載,可以等2小時真的很誇張,1,455,2022-05-26
455,服務極差  非常失望,晚上6點半下訂單後餐點遲遲未到，預計到達時間不斷後移，等到接近九點詢問客服時才告知無法服務並直接取消訂單，但同一時間Uber eat同一家餐廳仍可外送。體驗非常差勁，不考慮再度使用。,1,456,2022-05-26
456,爛,買了一年份的pro 然後每次訂餐到一半帳號就會莫名其妙被登出 然後程式又寫超爛 還會登不回去 還一直吃錢 有夠爛 又沒地方可以可以反應 就一直繼續爛 還不如用uber eat,1,457,2022-05-26
457,優惠碼,希望優惠再多一些、外送品質、核對訂單內容！,3,458,2022-05-26
458,吃錢吃餐,確診不能出門想說叫個熊貓用線上刷卡付錢結果被吃錢又被吃餐,1,459,2022-05-26
459,可以再爛一點,買熱的送過來變冷的，是要倒了是不是啦！爛死了,1,460,2022-05-26
460,價格優惠一些,希望多點折扣，還有優質好吃的餐廳，謝謝！,4,461,2022-05-26
461,破軟體我明明用了那麽多次,結果突然信用卡資料歷史訂單資料全部不見 還要我重新驗證電話號碼 重點是已經申請過又不給驗證 是在爛幾點的？ 突然搞這齣麻煩死了,1,462,2022-05-26
462,熊貓是真的爛,預計送達30分 30分到了又得等30分  人家的時間都不是時間 我就在這等你一個小時還不來 爛怎樣的,1,463,2022-05-26
463,爛透了素食變超少,爛透了素食變超少,1,464,2022-05-26
464,沒有免運優惠,沒有免運優惠所以很少訂購,2,465,2022-05-26
465,單延大半天結果被取消,單延了快兩個小時，結果被取消。知道下雨天沒外送員，外送員很辛苦。但若是沒有人可以送，就應該早一點提醒。而不是拖了老半天然後再取消，肚子餓的要命，看到就是滿肚子不爽。系統能不能改一下，這樣遲早被其他外送平台淘汰。,1,466,2022-05-26
466,除了跟團購訂單之外什麼都不能做！,無用客服！有跟沒有一樣！ 無法登入舊有帳戶 聯絡不到外送員！,1,467,2022-05-26
467,希望可以設置多台購物車～,這樣不用清空原本生鮮的購物車， 就可以繼續訂外送餐點～ 希望會是個很方便的功能！,4,468,2022-05-26
468,差勁👎的熊貓🐼客服,無法有效處理事情，還可以拖個好多天才回覆，後悔加入熊貓會員⋯,1,469,2022-05-26
469,外送優惠活動少,可以增加以刺激購買,3,470,2022-05-26
470,有夠爛,公司外送員到底有沒有在訓練啊    自己電話號碼打錯就取消訂單  根本一通都沒接到  還說不符合退款資格  這什麼騙錢的公司啊  爛透了,1,471,2022-05-26
471,比扯鈴還扯,阿沒有外送員的話敢不敢讓我取消訂單？,1,472,2022-05-26
472,下單問題,我有天要訂東西吃 結果我按下去下訂單 他跳出來「發生錯誤！」 我按客服也是跳出「發生錯誤！」 之前都沒這個問題 怎麼我更新後就有了 關機從開過，刪掉重下載過重登過 還是一樣 真的很無語好嗎 可以改善一下嗎 之前也是有等過兩個多小時的訂單的 真的很誇張,2,473,2022-05-26
473,請勿下載,客服真的很差，刷卡消費的人要注意，訂單取消不會退款！送餐人員大部分素質很差！比起無博義，這家經常都會延遲！,1,474,2022-05-26
474,店家幾乎每天暫時關閉,才包年沒多久、一堆店家每天都暫時關閉是怎樣？怕賺太多嗎？如果怕賺太多大可不必加入熊貓的行列，每天要點餐剩沒5家可以選、希望熊貓平台能約束店家正常開放讓消費者點餐、而不是愛開不開的、感覺很差,1,475,2022-05-26
475,訂單已經不是第一次慢了,等了快一小時，上次也是 聯絡客服只會說外送員在路上 結果一個外送員跑一堆地方又等了半小時 真的會氣死,1,476,2022-05-26
476,早餐延到可以當午餐,麥當勞就在我家旁邊，結果早上7:30就下單單想說上班剛好聚餐，結果一直延一直延，沒辦法就不要接單影響客戶好嗎？難怪不敢用真人客服只敢用機器人，真的是很糟糕的服務,1,477,2022-05-26
477,.,明明有收外送費，品項單個又比直接在店裡買貴幾十元。而且附近明明有很多全聯跟家樂福，「生鮮」卻只有超商，甚至連3C店都有就是沒有超市？,1,478,2022-05-26
478,🙃,餐點等了快兩個小時 沒有下大雨 沒有颱風 毛毛細雨而已 等一個小時半都一直沒有外送員 重點我想取消訂單不給我取消 然後給我點數五十點 但別人都不用出門嗎 耗在那等 真的不知道等到幾點,1,479,2022-05-25
479,系統超級不穩定,系統超級不穩定,1,480,2022-05-25
480,莫名其妙,突然一直接到foodpanda的電話，一開始沒辦法接，後來又陸陸續續的打來我就接了，然後我說喂～他說餐已經送到了喔，我說我沒有訂餐啊，他說現在是都不要領是不是（超兇的，就掛掉了，然後就打過來了，我第一通在騎車沒接到，第二通我接了，我就很兇的說我沒有訂餐，一直打一直打是怎樣我根本不是什麼張先生，到底？本人完全沒用過foodpanda莫名還要被兇🙄,1,481,2022-05-25
481,學習等待的app,等超久,1,482,2022-05-25
482,唉,外送員一次接多單就算了，確認過地址跟點單的東西後，卻還是拿錯東西給消費者？？ 聯絡客服也不回，唉,1,483,2022-05-25
483,海線number one,好吃,5,484,2022-05-25
484,系統超爛重複下單,系統本身問題很多，上次訂火鍋然後給我重複下單還不會提醒，一次給我來四份火鍋，反應客服還裝死不回，建議不要用熊貓，UE比熊貓好多了,1,485,2022-05-25
485,🙂,有時候真的很慢,4,486,2022-05-25
486,垃圾程式,可以收起來了,1,487,2022-05-25
487,一直失敗,如題,1,488,2022-05-25
488,查詢店名,查店名就算沒開至少也排到最上面讓我看看菜單跟價錢吧，每次都排到下面找的有夠久,1,489,2022-05-25
489,破爛平台,破爛app拜託別用，沒有配到外送員還是會接你單，接完就說店家做了餐點無法退費,1,490,2022-05-25
490,騙新手不知道，還外帶自取不給優惠,"我跟家人一起都辦了pro,我是新帳號，結果他外帶自取都還有七九折的優惠，但是我的帳號什麼都沒有，聯絡客服人員詢問，全部都直接裝傻掛我線",1,491,2022-05-25
491,感謝,謝謝你們在大雨中幫我送餐 我很感激,5,492,2022-05-25
492,外送問題,買了一年的會員，今天一下雨，沒有任何一間要做外送，那還要這個app幹嘛？,1,493,2022-05-25
493,退錢,更新後除了點餐什麼都不能用 我就想查前幾天說等25分鐘結果等了一個小時的還要我在等40分鐘結果被我取消的餐點退錢了沒 結果發現客服不能用、達人挑戰不能用、查歷史訂單全被清空、連個人資料都沒了🙄🙄🙄,1,494,2022-05-25
494,不能點餐,不能點餐 點進去就顯示錯誤 還不能開團體訂單,1,495,2022-05-25
495,外送時間一拖再拖,常常下訂單後，快到預計外送時間時，就延長10分鐘，延長後的外送時間快到了，又給你延長，每次都享用優惠卷40元打發消費者，今天真的氣到，我今天上午10:57分下單，預計外送時間11:45-11:55，當時間到了11:51分又顯示延長到12:25-12:35，忍不住跟客服回應反應看能不能給個準確時間，結果去看時間預計外送時間：12:35-12:45，我考慮今天會下雨的因素，我提早了整整一個小時下單，我12:00休息只到13:00，你外送時間整整給我拖了一個小時誰忍得了？ 最可惡的是，我說我要取消訂單，15分鐘讓我吃完餐點，我吃不完，說要取消客服還說取消後會限制我的付款方式，無法使用現金付款！ 我整個火大。你們外送平台跟店家的過失要消費者買單？ 今天如果說我11:30或11:45下單你拖延我沒話說，我已經提早一個小時下單了，你們拖延時間也就罷了，我要取消還說要限制我的付款方式，爛平台訂閱都是假的，有訂閱卻沒更好的服務，一個做外送平台連基本的守時都做不到，這平台還有存在的意義？,1,496,2022-05-25
496,下單等一個多小時都沒送到,下單後等一個多小時都沒送到 到達時間還一直在更改 超級誇張 浪費別人時間 以後不會在用這個平台,1,497,2022-05-25
497,訂單的意義？,為何在重要的時候不能訂單？,1,498,2022-05-25
498,這是熊貓，登入一直出問題,弄的很火大,5,499,2022-05-25
499,客服回應速度極慢,餐點遲到1小時想取消訂單一直聯絡不上客服，體驗極差，望能改善,3,500,2022-05-25
